Month,Day,Hour,Minute,Second,Microsecond,Speed,Vx,Vy,PosX,PosY,PosZ,Bx,By,Flow Mag,Flow Angle
9,4,19,2,35,517447,0.17928798812057553,0.1792648732662201,-0.002878870815038681,-0.1630646139383316,-0.05661748722195625,0.11466510593891144,1.4199999999999875,3.5600000000000023,3.8327535793473575,248.25410966246673
9,4,19,2,35,564807,0.11814501146500873,0.11792527884244919,-0.007202245760709047,-0.15673381090164185,-0.05728894844651222,0.12595461308956146,1.4199999999999875,-1.4399999999999977,2.022374841615658,191.42672320333716
9,4,19,2,35,627631,0.07286224326512243,0.07268206030130386,-0.005120996385812759,-0.15140925347805023,-0.05730303376913071,0.13644500076770782,3.4199999999999875,-0.4399999999999977,3.448187929913321,182.474027180794
9,4,19,2,35,675119,0.04241078505813924,0.04113934561610222,-0.010306742042303085,-0.14702601730823517,-0.05850500613451004,0.14448009431362152,0.4199999999999875,1.5600000000000023,1.6155494421403502,204.4082635986436
9,4,19,2,35,722580,0.012248758235017946,0.00795864500105381,-0.009310856461524963,-0.14538489282131195,-0.058996379375457764,0.14730964601039886,1.4199999999999875,0.5600000000000023,1.526433752247364,203.59609721472745
9,4,19,2,35,769726,0.028021237754773866,-0.020532162860035896,-0.019068824127316475,-0.14598435163497925,-0.06157129630446434,0.15313474833965302,0.4199999999999875,-2.4399999999999977,2.475883680627985,170.8357645838572
9,4,19,2,35,817358,0.045061951352269695,-0.040431391447782516,-0.01989678479731083,-0.14760182797908783,-0.0628047063946724,0.15907494723796844,1.4199999999999875,2.5600000000000023,2.927456233660885,201.08654222993883
9,4,19,2,35,865608,0.05592814268910003,-0.05200760439038277,-0.02057100459933281,-0.15010157227516174,-0.06428356468677521,0.1675536334514618,0.4199999999999875,1.5600000000000023,1.6155494421403502,226.09656850984575
9,4,19,2,35,912140,0.062445217136869624,-0.059958722442388535,-0.017445823177695274,-0.15347379446029663,-0.0651722252368927,0.1745094358921051,-2.5800000000000125,-1.4399999999999977,2.954657340538841,217.0686035865381
9,4,19,2,35,975279,0.06431127237647058,-0.06223469600081444,-0.016210563480854034,-0.15730760991573334,-0.06641524285078049,0.18570029735565186,-1.5800000000000125,-0.4399999999999977,1.640121946685684,353.87356475296264
9,4,19,2,36,22638,0.06426772172837997,-0.06266013532876968,-0.014284519478678703,-0.16179800033569336,-0.06749476492404938,0.1992485374212265,-3.5800000000000125,-1.4399999999999977,3.8587562763149585,340.5953634792122
9,4,19,2,36,70484,0.06157133777506341,-0.05989482253789902,-0.014270244166254997,-0.16602207720279694,-0.06894027441740036,0.21358950436115265,-0.5800000000000125,1.5600000000000023,1.6643316977093303,344.8183315268614
9,4,19,2,36,117881,0.05182850016101085,-0.049625594168901443,-0.014949710108339787,-0.16874243319034576,-0.07047910243272781,0.22949905693531036,1.4199999999999875,2.5600000000000023,2.927456233660885,345.43053143914375
9,4,19,2,36,165398,0.042406189269330284,-0.040811169892549515,-0.011520993895828724,-0.17163005471229553,-0.07100414484739304,0.24487754702568054,-3.5800000000000125,0.5600000000000023,3.6235341863987007,334.2151650347428
9,4,19,2,36,212609,0.024659443112673714,-0.02464432641863823,0.0008633133838884532,-0.17209109663963318,-0.06888648122549057,0.26063600182533264,0.4199999999999875,3.5600000000000023,3.584689665786985,302.7258549388037
9,4,19,2,36,276002,0.022137474435966174,-0.016871178522706032,0.014332868158817291,-0.17405614256858826,-0.06564156711101532,0.2745617926120758,-1.5800000000000125,-1.4399999999999977,2.1377558326432027,302.8037441128606
9,4,19,2,36,323133,0.016397383612610027,-0.007424322888255119,0.014620315283536911,-0.17457829415798187,-0.0655360072851181,0.29114866256713867,-0.5800000000000125,0.5600000000000023,0.8062257748298655,312.0713405727871
9,4,19,2,36,370524,0.042632101238766464,-0.0002120293356711045,0.04263157397508621,-0.17492717504501343,-0.05593974515795708,0.30620551109313965,-0.5800000000000125,0.5600000000000023,0.8062257748298655,328.5685375484634
9,4,19,2,36,418065,0.037319350401797804,-0.004868997726589441,0.03700036182999611,-0.17855317890644073,-0.05585135146975517,0.31924232840538025,0.4199999999999875,0.5600000000000023,0.6999999999999943,300.2108104787568
9,4,19,2,36,466059,0.03546878031438783,-0.011315025389194489,0.03361554071307182,-0.18280938267707825,-0.054367564618587494,0.33343711495399475,-2.5800000000000125,-1.4399999999999977,2.954657340538841,337.242237463859
9,4,19,2,36,513808,0.026117704594712153,-0.013950700871646404,0.02207968384027481,-0.1856255978345871,-0.05560272932052612,0.3459938168525696,-0.5800000000000125,-1.4399999999999977,1.552417469626005,339.63366528086704
9,4,19,2,36,576932,0.02048435801233946,-0.016997067257761955,0.011432787403464317,-0.188662588596344,-0.05677623301744461,0.3627456724643707,-0.5800000000000125,-2.4399999999999977,2.5079872407968913,29.21236400040475
9,4,19,2,36,625068,0.033235411632631634,-0.005034425295889378,0.032851897180080414,-0.18570038676261902,-0.04571132734417915,0.3729263246059418,-2.5800000000000125,-1.4399999999999977,2.954657340538841,49.83901212586719
9,4,19,2,36,672227,0.026611800411515226,-0.00913748424500227,0.024993885308504105,-0.18885183334350586,-0.04583162069320679,0.3875892758369446,0.4199999999999875,0.5600000000000023,0.6999999999999943,49.839012125867185
9,4,19,2,36,719706,0.023379704660552083,-0.016131307929754257,0.016923105344176292,-0.1931261420249939,-0.04638293385505676,0.40258511900901794,1.4199999999999875,-1.4399999999999977,2.022374841615658,85.6257835925978
9,4,19,2,36,767418,0.02256017292488123,-0.02217336744070053,0.004159708973020315,-0.19767716526985168,-0.04965087026357651,0.41345563530921936,0.4199999999999875,-0.4399999999999977,0.6082762530298117,112.96783950315833
9,4,19,2,36,814515,0.02414765844239184,-0.023788966238498688,-0.004146624356508255,-0.2009461373090744,-0.051822762936353683,0.43121665716171265,0.4199999999999875,-0.4399999999999977,0.6082762530298117,134.4325032284566
9,4,19,2,36,876675,0.03308365046912643,-0.03181974217295647,-0.009057148359715939,-0.20736530423164368,-0.053262121975421906,0.446062833070755,-0.5800000000000125,-2.4399999999999977,2.5079872407968913,136.439414634156
9,4,19,2,36,923365,0.03823770777173167,-0.03504280373454094,-0.015301117673516273,-0.21212390065193176,-0.05582749471068382,0.4567568302154541,-0.5800000000000125,-0.4399999999999977,0.7280109889280604,105.77097026977307
9,4,19,2,36,970363,0.04395552724951175,-0.03907208889722824,-0.020136043429374695,-0.2185390293598175,-0.058864232152700424,0.4677686095237732,-1.5800000000000125,-0.4399999999999977,1.640121946685684,79.49732100333246
9,4,19,2,37,17454,0.0406798154754295,-0.03590303286910057,-0.01912641152739525,-0.22228796780109406,-0.06009047105908394,0.48189130425453186,-2.5800000000000125,-1.4399999999999977,2.954657340538841,54.57462910015271
9,4,19,2,37,64875,0.04171756696628398,-0.03588670492172241,-0.021272042766213417,-0.22775064408779144,-0.0632539689540863,0.4989050030708313,-1.5800000000000125,-0.4399999999999977,1.640121946685684,34.19790173544077
9,4,19,2,37,112330,0.039761903355059525,-0.03316017985343933,-0.021941090002655983,-0.2316974550485611,-0.06575416773557663,0.5155207514762878,1.4199999999999875,-0.4399999999999977,1.486606874731838,36.07375030366656
9,4,19,2,37,175815,0.03673941706733041,-0.031173640862107277,-0.019441936165094376,-0.23637422919273376,-0.06725393980741501,0.5298816561698914,-1.5800000000000125,-1.4399999999999977,2.1377558326432027,37.65163301800026
9,4,19,2,37,223056,0.03969471515060328,-0.035916559398174286,-0.016901809722185135,-0.2444508671760559,-0.06878939270973206,0.5377364754676819,-2.5800000000000125,-0.4399999999999977,2.6172504656604922,35.99733426767626
9,4,19,2,37,270266,0.03679677330711925,-0.03348701447248459,-0.015251963399350643,-0.24887531995773315,-0.07083138078451157,0.5480735898017883,-1.5800000000000125,-0.4399999999999977,1.640121946685684,31.837315111625344
9,4,19,2,37,317311,0.02919639358262413,-0.025789452716708183,-0.013686983846127987,-0.2503049373626709,-0.07299420982599258,0.5650305151939392,0.4199999999999875,-0.4399999999999977,0.6082762530298117,63.91329616941029
9,4,19,2,37,365068,0.02715229479465051,-0.02608725242316723,-0.007530097849667072,-0.25632405281066895,-0.07262685149908066,0.5851445198059082,-1.5800000000000125,-2.4399999999999977,2.9068883707497313,46.44438376891619
9,4,19,2,37,412536,0.019728166214309572,-0.01225276105105877,-0.01546190120279789,-0.25326550006866455,-0.07990744709968567,0.6036640405654907,1.4199999999999875,-0.4399999999999977,1.486606874731838,69.74413905100764
9,4,19,2,37,476344,0.0030734910886728397,-0.003035989822819829,-0.00047865777742117643,-0.251414030790329,-0.07323859632015228,0.622395932674408,0.4199999999999875,-0.4399999999999977,0.6082762530298117,106.22160134630542
9,4,19,2,37,523757,0.04778554603400052,0.03753527253866196,0.0295729897916317,-0.228593111038208,-0.056198425590991974,0.6351651549339294,-1.5800000000000125,0.5600000000000023,1.6763054614240336,110.71363007106143
9,4,19,2,37,570944,0.048460786956993636,0.03683716058731079,0.031487639993429184,-0.2288600355386734,-0.05452617257833481,0.6439365744590759,1.4199999999999875,0.5600000000000023,1.526433752247364,133.26908159820806
9,4,19,2,37,617967,0.04370294615558852,0.031653936952352524,0.030132636427879333,-0.23003260791301727,-0.053350888192653656,0.6513108611106873,0.4199999999999875,-0.4399999999999977,0.6082762530298117,155.85413499750362
9,4,19,2,37,665274,0.03898330001274407,0.02745925635099411,0.027671048417687416,-0.22957532107830048,-0.05175304040312767,0.6650711894035339,-0.5800000000000125,-0.4399999999999977,0.7280109889280604,112.95952390233934
9,4,19,2,37,713099,0.027816675291102197,0.016920335590839386,0.02207871526479721,-0.23242680728435516,-0.05132006108760834,0.6735617518424988,-0.5800000000000125,-0.4399999999999977,0.7280109889280604,53.37545092532564
9,4,19,2,37,777843,0.019341015558762133,0.006232285872101784,0.01830938272178173,-0.23609624803066254,-0.04939088225364685,0.6815686225891113,0.4199999999999875,-4.439999999999998,4.459820624195548,92.71730801622918
9,4,19,2,37,822934,0.02663608681123961,0.02659441903233528,-0.0014892941107973456,-0.2195863276720047,-0.05847322195768356,0.6859232187271118,1.4199999999999875,-3.4399999999999977,3.721558813185672,83.67201913407897
9,4,19,2,37,870024,0.020020743534272606,0.014967075549066067,-0.013297248631715775,-0.22493834793567657,-0.06268623471260071,0.6979893445968628,0.4199999999999875,-1.4399999999999977,1.4999999999999944,78.42200233313199
9,4,19,2,37,917044,0.017057289495956612,0.0060640256851911545,-0.015942983329296112,-0.22891277074813843,-0.06186924874782562,0.709580659866333,-1.5800000000000125,-2.4399999999999977,2.9068883707497313,82.30117479058353
9,4,19,2,37,964584,0.01974772579826434,0.008241472765803337,-0.017945773899555206,-0.2258375883102417,-0.06211019679903984,0.7242144346237183,-0.5800000000000125,-2.4399999999999977,2.5079872407968913,89.76722537658006
9,4,19,2,38,12012,0.013113728413220026,-0.0017402470111846924,-0.012997746467590332,-0.23181335628032684,-0.05862973630428314,0.7439180612564087,-0.5800000000000125,-1.4399999999999977,1.552417469626005,83.98989875880036
9,4,19,2,38,75272,0.07840165674152043,0.05934945493936539,-0.05122950300574303,-0.1861649751663208,-0.08781157433986664,0.7532060146331787,-0.5800000000000125,-1.4399999999999977,1.552417469626005,74.9757623603984
9,4,19,2,38,122768,0.06843321664585791,0.04385371878743172,-0.0525352880358696,-0.19451689720153809,-0.09223782271146774,0.7669469118118286,-1.5800000000000125,-0.4399999999999977,1.640121946685684,57.72806270994447
9,4,19,2,38,170448,0.05262725974171988,0.028209609910845757,-0.04442799091339111,-0.20133525133132935,-0.09172553569078445,0.7855230569839478,-0.5800000000000125,-1.4399999999999977,1.552417469626005,60.083101974110846
9,4,19,2,38,218460,0.03953499211296981,0.00902599561959505,-0.03849086910486221,-0.21120908856391907,-0.0935492068529129,0.7996103167533875,0.4199999999999875,-1.4399999999999977,1.4999999999999944,65.78161226312086
9,4,19,2,38,265714,0.03748157804278795,-0.013386267237365246,-0.03500966355204582,-0.224877268075943,-0.09758143872022629,0.8126481175422668,-1.5800000000000125,-0.4399999999999977,1.640121946685684,54.464309492859215
9,4,19,2,38,313387,0.036361806098319585,-0.023505864664912224,-0.0277426615357399,-0.23094666004180908,-0.0986768901348114,0.8181802034378052,0.4199999999999875,-1.4399999999999977,1.4999999999999944,62.78540664280121
9,4,19,2,38,376748,0.04465465424894084,-0.03972073644399643,-0.020403461530804634,-0.24430495500564575,-0.09967172145843506,0.8295666575431824,-0.5800000000000125,0.5600000000000023,0.8062257748298655,58.283689894646045
9,4,19,2,38,440099,0.0504826498443453,-0.0496305488049984,-0.009236155077815056,-0.2552574872970581,-0.09621480852365494,0.8326931595802307,-0.5800000000000125,-1.4399999999999977,1.552417469626005,58.28368989464603
9,4,19,2,38,472060,0.05370904454797004,-0.05299999937415123,-0.008698363788425922,-0.2637990117073059,-0.09994454681873322,0.8370110392570496,-4.5800000000000125,-1.4399999999999977,4.801041553663133,32.8241726246613
9,4,19,2,38,519561,0.05939515926278663,-0.05900413542985916,-0.0068041859194636345,-0.2768431603908539,-0.10154158622026443,0.8396056890487671,-2.5800000000000125,1.5600000000000023,3.014962686336279,20.402528449609573
9,4,19,2,38,566929,0.05431757340296533,-0.05430564656853676,-0.0011382140219211578,-0.2833664119243622,-0.0992516428232193,0.8538191318511963,-1.5800000000000125,-0.4399999999999977,1.640121946685684,4.198151496899182
9,4,19,2,38,614380,0.05097374099539894,-0.05096987262368202,0.0006279775407165289,-0.29134976863861084,-0.0983702763915062,0.862060546875,-1.5800000000000125,-0.4399999999999977,1.640121946685684,16.873662240702785
9,4,19,2,38,662173,0.05435910573195211,-0.05427993834018707,0.0029326898511499166,-0.305597722530365,-0.09589067846536636,0.8687931895256042,-0.5800000000000125,0.5600000000000023,0.8062257748298655,355.18249147373473
9,4,19,2,38,725361,0.05126129157447101,-0.05121701955795288,0.002130005042999983,-0.31560972332954407,-0.09588033705949783,0.8722798228263855,-3.5800000000000125,-0.4399999999999977,3.606937759374299,352.97934981846487
9,4,19,2,38,772565,0.04633775528821296,-0.04627897962927818,0.002333154436200857,-0.32419151067733765,-0.09495538473129272,0.8640726804733276,-0.5800000000000125,-0.4399999999999977,0.7280109889280604,7.301883581263626
9,4,19,2,38,820408,0.04105304394044089,-0.04102109372615814,0.0016193474875763059,-0.33259260654449463,-0.09484820812940598,0.8660892248153687,0.4199999999999875,-0.4399999999999977,0.6082762530298117,20.20032134424162
9,4,19,2,38,877925,0.03163992449266666,-0.031407177448272705,0.003830669214949012,-0.3361884653568268,-0.09243068099021912,0.8572936058044434,-1.5800000000000125,-3.4399999999999977,3.7854986461495432,36.65965011386568
9,4,19,2,38,914923,0.027465527043315802,-0.026979995891451836,0.00514149758964777,-0.3447907269001007,-0.09095734357833862,0.870690107345581,-0.5800000000000125,-1.4399999999999977,1.552417469626005,60.09763849656502
9,4,19,2,38,962764,0.01813422505247272,-0.0180523581802845,0.0017211863305419683,-0.3480072319507599,-0.09372687339782715,0.8795672655105591,-0.5800000000000125,1.5600000000000023,1.6643316977093303,60.7762636545265
9,4,19,2,39,25882,0.01579035802468584,-0.015206120908260345,0.004255501553416252,-0.35334208607673645,-0.0912158414721489,0.8777430653572083,-4.5800000000000125,0.5600000000000023,4.614108798023744,46.15601299908066
9,4,19,2,39,73623,0.011728358387038184,-0.011147353798151016,0.0036456678062677383,-0.3559231162071228,-0.09106994420289993,0.8844415545463562,-1.5800000000000125,-1.4399999999999977,2.1377558326432027,26.81433515839632
9,4,19,2,39,122034,0.013199035742507302,-0.008264577016234398,0.010291322134435177,-0.3589094579219818,-0.08436881005764008,0.8792311549186707,0.4199999999999875,-0.4399999999999977,0.6082762530298117,35.67401800319455
9,4,19,2,39,168622,0.008424876125264128,-0.002556184772402048,0.008027730509638786,-0.3591916561126709,-0.08568886667490005,0.8801695108413696,-0.5800000000000125,-1.4399999999999977,1.552417469626005,35.67401800319456
9,4,19,2,39,216657,0.008051630087390885,-0.0029478780925273895,0.007492580451071262,-0.3633032441139221,-0.08505930006504059,0.8804025650024414,0.4199999999999875,1.5600000000000023,1.6155494421403502,46.97977742376552
9,4,19,2,39,264204,0.017885279221326617,-0.012381142005324364,0.012906995601952076,-0.3748238980770111,-0.0790114477276802,0.8745076656341553,0.4199999999999875,0.5600000000000023,0.6999999999999943,128.06756581349012
9,4,19,2,39,327024,0.02451869267920427,-0.021464304998517036,0.011851156130433083,-0.38626694679260254,-0.07839701324701309,0.8728539347648621,-0.5800000000000125,-0.4399999999999977,0.7280109889280604,127.82100907200133
9,4,19,2,39,374447,0.02644804258716301,-0.0200981255620718,0.01719198375940323,-0.3886183798313141,-0.07137364149093628,0.8755343556404114,1.4199999999999875,0.5600000000000023,1.526433752247364,224.08780181532626
9,4,19,2,39,421501,0.03096904092217948,-0.02804504707455635,0.013136088848114014,-0.39981910586357117,-0.07283473014831543,0.8702756762504578,-0.5800000000000125,0.5600000000000023,0.8062257748298655,262.9684767099178
9,4,19,2,39,469309,0.032262657080320264,-0.030762195587158203,0.00972452387213707,-0.40701818466186523,-0.07334084063768387,0.873004138469696,1.4199999999999875,-0.4399999999999977,1.486606874731838,224.75439183165435
9,4,19,2,39,517100,0.03272553289914068,-0.031314656138420105,0.009505409747362137,-0.41327357292175293,-0.07058537006378174,0.8836585283279419,-1.5800000000000125,-0.4399999999999977,1.640121946685684,10.228115200056282
9,4,19,2,39,564961,0.02623805908057749,-0.024207953363656998,0.010119819082319736,-0.4124879240989685,-0.06718096137046814,0.8826591968536377,-1.5800000000000125,0.5600000000000023,1.6763054614240336,311.6684755795807
9,4,19,2,39,612434,0.031465907419492074,-0.030474787577986717,0.00783521868288517,-0.4245249927043915,-0.06596023589372635,0.8876420259475708,0.4199999999999875,1.5600000000000023,1.6155494421403502,314.5984555541593
9,4,19,2,39,675752,0.026512677542019965,-0.025980331003665924,0.005286253057420254,-0.4264279305934906,-0.06475012004375458,0.8941118717193604,-1.5800000000000125,-0.4399999999999977,1.640121946685684,344.22858879539166
9,4,19,2,39,723399,0.030147718535096773,-0.03012857586145401,0.0010741738369688392,-0.43632832169532776,-0.06559527665376663,0.8832932114601135,-1.5800000000000125,2.5600000000000023,3.008321791298273,332.7535788602123
9,4,19,2,39,770718,0.03300677570506558,-0.03297480568289757,-0.001452388591133058,-0.4460664987564087,-0.0646016076207161,0.8826743364334106,-0.5800000000000125,-0.4399999999999977,0.7280109889280604,336.70240534217953
9,4,19,2,39,818369,0.029316961915413647,-0.02844221703708172,-0.007108062040060759,-0.45023104548454285,-0.06812969595193863,0.8928666114807129,-0.5800000000000125,-2.4399999999999977,2.5079872407968913,0.7353456437202117
9,4,19,2,39,865995,0.028550482820385737,-0.027031252160668373,-0.009189204312860966,-0.4571671187877655,-0.06934107840061188,0.8891210556030273,0.4199999999999875,0.5600000000000023,0.6999999999999943,5.797237283704825
9,4,19,2,39,913425,0.02887343931141318,-0.025981279090046883,-0.012595579959452152,-0.46360349655151367,-0.07243721187114716,0.876318633556366,-1.5800000000000125,-0.4399999999999977,1.640121946685684,5.797237283704822
9,4,19,2,39,976584,0.023756742097304048,-0.019173050299286842,-0.01402772031724453,-0.4657904803752899,-0.07523178309202194,0.8814195394515991,-1.5800000000000125,0.5600000000000023,1.6763054614240336,16.9540778554017
9,4,19,2,40,24185,0.019166844281201082,-0.016547024250030518,-0.009672843851149082,-0.47225579619407654,-0.07365937530994415,0.8877739310264587,-0.5800000000000125,-0.4399999999999977,0.7280109889280604,16.954077855401703
9,4,19,2,40,71479,0.012904879801912787,-0.009863924235105515,-0.008320992812514305,-0.47299724817276,-0.0754108801484108,0.8826466202735901,0.4199999999999875,0.5600000000000023,0.6999999999999943,324.76302420420797
9,4,19,2,40,121342,0.006067266316683491,-0.003054344095289707,-0.005242394749075174,-0.4734874367713928,-0.07580208778381348,0.8795871734619141,0.4199999999999875,-0.4399999999999977,0.6082762530298117,18.114621491540674
9,4,19,2,40,166616,0.0029048691466862626,0.0004979634541086853,0.0028618695214390755,-0.476098895072937,-0.0709865465760231,0.8746045231819153,-1.5800000000000125,-0.4399999999999977,1.640121946685684,18.114621491540674
9,4,19,2,40,214579,0.017009831728252905,0.01602536253631115,0.005702817812561989,-0.46459242701530457,-0.07077813893556595,0.8603940606117249,3.4199999999999875,-1.4399999999999977,3.7107950630558824,110.89678242047964
9,4,19,2,40,262521,0.024075514844488884,0.021558519452810287,0.010717306286096573,-0.46199092268943787,-0.06794765591621399,0.8534723520278931,1.4199999999999875,0.5600000000000023,1.526433752247364,174.42187128655132
9,4,19,2,40,325403,0.040370369767562315,0.03533312305808067,0.0195278562605381,-0.4487684369087219,-0.05966969579458237,0.8606457114219666,-2.5800000000000125,0.5600000000000023,2.6400757564888298,126.92801023354667
9,4,19,2,40,373200,0.03680450064048172,0.02856346406042576,0.023209907114505768,-0.45403894782066345,-0.05484277755022049,0.8630226254463196,2.4199999999999875,1.5600000000000023,2.879236009777584,211.7071516439208
9,4,19,2,40,420603,0.03675926803480683,0.02256709896028042,0.02901671640574932,-0.45672523975372314,-0.0461193285882473,0.8710834980010986,-1.5800000000000125,-0.4399999999999977,1.640121946685684,211.7071516439208
9,4,19,2,40,468001,0.04027463114098623,0.020734595134854317,0.03452712669968605,-0.45512133836746216,-0.036813486367464066,0.871490478515625,-0.5800000000000125,0.5600000000000023,0.8062257748298655,299.88843771532675
9,4,19,2,40,515447,0.04698331645910381,0.028180785477161407,0.03759355470538139,-0.44329917430877686,-0.028469441458582878,0.8685640692710876,-1.5800000000000125,-0.4399999999999977,1.640121946685684,341.8552731035409
9,4,19,2,40,562800,0.0435116774215171,0.021750129759311676,0.037685513496398926,-0.44530022144317627,-0.021505611017346382,0.8699802756309509,0.4199999999999875,0.5600000000000023,0.6999999999999943,308.7923140876495
9,4,19,2,40,626684,0.039372685801505325,0.01910100318491459,0.03442905843257904,-0.4437243342399597,-0.017766468226909637,0.8557101488113403,0.4199999999999875,-2.4399999999999977,2.475883680627985,0.8383360391041842
9,4,19,2,40,674451,0.029296285526387796,0.006547246593981981,0.028555313125252724,-0.4521763026714325,-0.01526724360883236,0.8647840619087219,0.4199999999999875,-0.4399999999999977,0.6082762530298117,65.23256144230798
9,4,19,2,40,721763,0.021925011203116358,-0.007049778010696173,0.020760701969265938,-0.4626438021659851,-0.015041429549455643,0.8685725927352905,0.4199999999999875,1.5600000000000023,1.6155494421403502,164.38364265503105
9,4,19,2,40,774428,0.02266071477767549,-0.016842378303408623,0.015160550363361835,-0.4710811674594879,-0.013525579124689102,0.87724369764328,-1.5800000000000125,0.5600000000000023,1.6763054614240336,206.68595968254365
9,4,19,2,40,815791,0.028986101123405744,-0.02831164002418518,0.006216518115252256,-0.4833035171031952,-0.016749827191233635,0.879339337348938,0.4199999999999875,0.5600000000000023,0.6999999999999943,206.68595968254365
9,4,19,2,40,863431,0.02954022300973544,-0.029434964060783386,-0.0024915188550949097,-0.4871220588684082,-0.020958518609404564,0.89568030834198,-0.5800000000000125,-1.4399999999999977,1.552417469626005,242.4308529674216
9,4,19,2,40,910893,0.04388562525517879,-0.04382702708244324,-0.0022671129554510117,-0.5063589811325073,-0.01665494032204151,0.8873388171195984,0.4199999999999875,0.5600000000000023,0.6999999999999943,265.82913506552853
9,4,19,2,40,974412,0.04440614908037622,-0.04333581030368805,-0.009690904058516026,-0.5113531947135925,-0.02190062589943409,0.8840983510017395,-0.5800000000000125,1.5600000000000023,1.6643316977093303,283.4438013788134
9,4,19,2,41,22596,0.05164962784905068,-0.04931650310754776,-0.015348178334534168,-0.5257059335708618,-0.026417579501867294,0.876184344291687,-1.5800000000000125,-1.4399999999999977,2.1377558326432027,285.58985705525487
9,4,19,2,41,69714,0.04109899228440668,-0.03647243604063988,-0.018944354727864265,-0.5217661261558533,-0.03059300035238266,0.8674512505531311,-0.5800000000000125,1.5600000000000023,1.6643316977093303,318.41502338398425
9,4,19,2,41,117209,0.039303973770513964,-0.03027527593076229,-0.025064118206501007,-0.5260602831840515,-0.03928220644593239,0.8639901876449585,-0.5800000000000125,-0.4399999999999977,0.7280109889280604,319.4568700460757
9,4,19,2,41,164437,0.026002628315101674,-0.019125793129205704,-0.01761648990213871,-0.5250260233879089,-0.03505527600646019,0.8718709945678711,-0.5800000000000125,-2.4399999999999977,2.5079872407968913,8.681985124452197
9,4,19,2,41,212111,0.019868948843106915,-0.010510606691241264,-0.016861265525221825,-0.5247389078140259,-0.038113925606012344,0.8631060123443604,-0.5800000000000125,0.5600000000000023,0.8062257748298655,12.31655915991973
9,4,19,2,41,275295,0.010826683140862355,-0.0012043467722833157,-0.010759489610791206,-0.5227243304252625,-0.03643582761287689,0.8656274676322937,0.4199999999999875,0.5600000000000023,0.6999999999999943,330.2590873166377
9,4,19,2,41,322955,0.017107680001414268,0.011645128950476646,-0.012532505206763744,-0.5148301720619202,-0.04302620142698288,0.8645449876785278,-1.5800000000000125,-1.4399999999999977,2.1377558326432027,21.846131515354937
9,4,19,2,41,370616,0.014747157876984648,0.012639911845326424,-0.007596794981509447,-0.5176129341125488,-0.04176768288016319,0.8550421595573425,-2.5800000000000125,-1.4399999999999977,2.954657340538841,18.038664406227007
9,4,19,2,41,417771,0.0201259827126162,0.019714966416358948,-0.0040466380305588245,-0.51205974817276,-0.04154142364859581,0.8469077944755554,-0.5800000000000125,-0.4399999999999977,0.7280109889280604,6.112445624094252
9,4,19,2,41,465460,0.027034050609909696,0.026983119547367096,0.0016586596611887217,-0.5052000880241394,-0.03877846896648407,0.8384982347488403,-0.5800000000000125,0.5600000000000023,0.8062257748298655,6.112445624094255
9,4,19,2,41,512782,0.031429922414601706,0.028749316930770874,0.012701055034995079,-0.5009676218032837,-0.02895430102944374,0.8418837189674377,-0.5800000000000125,-1.4399999999999977,1.552417469626005,29.71043121306963
9,4,19,2,41,575723,0.030917546528069922,0.027562303468585014,0.014007644727826118,-0.499514102935791,-0.028246035799384117,0.8419433832168579,-1.5800000000000125,0.5600000000000023,1.6763054614240336,14.968303626164166
9,4,19,2,41,623650,0.03892840276842713,0.03242383152246475,0.021543344482779503,-0.49136847257614136,-0.019697826355695724,0.8378995060920715,-2.5800000000000125,0.5600000000000023,2.6400757564888298,4.3711354013991475
9,4,19,2,41,670712,0.040238260632685235,0.03378605842590332,0.021854516118764877,-0.48489633202552795,-0.016108807176351547,0.8526352643966675,0.4199999999999875,-0.4399999999999977,0.6082762530298117,10.016125986696121
9,4,19,2,41,718097,0.03975686663339681,0.03087841160595417,0.02504260651767254,-0.4826785922050476,-0.008477486670017242,0.8568498492240906,-1.5800000000000125,0.5600000000000023,1.6763054614240336,16.844648827670973
9,4,19,2,41,765284,0.04184187660462468,0.032088976353406906,0.026852192357182503,-0.47587740421295166,-0.0014006035635247827,0.8614543676376343,-1.5800000000000125,0.5600000000000023,1.6763054614240336,351.04148789469446
9,4,19,2,41,818016,0.0487062724398214,0.03970985487103462,0.028203340247273445,-0.4614700973033905,0.005910208914428949,0.8673976063728333,-1.5800000000000125,-0.4399999999999977,1.640121946685684,2.0345557387715876
9,4,19,2,41,876290,0.046536434167433395,0.04138381406664848,0.021284257993102074,-0.4528506100177765,0.004953799769282341,0.8646643161773682,-0.5800000000000125,-3.4399999999999977,3.4885527085024814,29.398915966741644
9,4,19,2,41,923510,0.040030826790141284,0.03736383095383644,0.014367018826305866,-0.4495881199836731,0.004298686981201172,0.8563781976699829,-1.5800000000000125,-1.4399999999999977,2.1377558326432027,18.552439548057233
9,4,19,2,41,971336,0.039888904524239856,0.03736041486263275,0.013975840061903,-0.44081902503967285,0.011210419237613678,0.8471611142158508,0.4199999999999875,1.5600000000000023,1.6155494421403502,13.834369632173601
9,4,19,2,42,18584,0.030816173471318296,0.02977616712450981,0.007938288152217865,-0.43955695629119873,0.011510398238897324,0.849686861038208,-1.5800000000000125,-0.4399999999999977,1.640121946685684,25.568998209690207
9,4,19,2,42,66149,0.03309294320721959,0.03304234519600868,-0.0018292933236807585,-0.4278075397014618,0.006952882278710604,0.8350693583488464,1.4199999999999875,1.5600000000000023,2.109502310972892,13.396888605541521
9,4,19,2,42,113590,0.022688252716871384,0.021335139870643616,-0.0077180708758533,-0.43155741691589355,0.005619542673230171,0.8401886820793152,1.4199999999999875,2.5600000000000023,2.927456233660885,279.8465341158574
9,4,19,2,42,176830,0.036318247617626975,0.03479485586285591,-0.010408319532871246,-0.4179229438304901,0.005274964030832052,0.855207622051239,-3.5800000000000125,-0.4399999999999977,3.606937759374299,283.7984919634805
9,4,19,2,42,224555,0.053053052332009694,0.050678372383117676,-0.015694869682192802,-0.41932347416877747,0.0013060711789876223,0.8521450161933899,0.4199999999999875,0.5600000000000023,0.6999999999999943,275.57865522862437
9,4,19,2,42,272020,0.06438901916860998,0.0624203085899353,-0.015800343826413155,-0.4341076910495758,0.0017651274101808667,0.8549814224243164,0.4199999999999875,2.5600000000000023,2.5942243542145698,254.20382065946177
9,4,19,2,42,319923,0.0960916755486246,0.09494488686323166,-0.014801302924752235,-0.43391087651252747,0.0024514433462172747,0.8561643958091736,-1.5800000000000125,0.5600000000000023,1.6763054614240336,283.46766641116704
9,4,19,2,42,367907,0.14025850113045363,0.13820147514343262,-0.023933228105306625,-0.42625218629837036,-0.00869172066450119,0.8588409423828125,-0.5800000000000125,-0.4399999999999977,0.7280109889280604,324.7047770060814
9,4,19,2,42,419385,0.1839990557109093,0.1826743185520172,-0.022039642557501793,-0.41626259684562683,-0.009850951842963696,0.8567609190940857,-0.5800000000000125,0.5600000000000023,0.8062257748298655,307.5019499743554
9,4,19,2,42,466142,0.22247439980242278,0.22167304158210754,-0.01886587403714657,-0.4051031470298767,-0.010872738435864449,0.8619697690010071,-1.5800000000000125,-1.4399999999999977,2.1377558326432027,346.3459210881476
9,4,19,2,42,514394,0.25612918537035173,0.2556643784046173,-0.015423527918756008,-0.3965153098106384,-0.011759882792830467,0.8476853370666504,0.4199999999999875,-0.4399999999999977,0.6082762530298117,21.203605445906536
9,4,19,2,42,563941,0.2876650990938771,0.28758522868156433,-0.006778309587389231,-0.37819886207580566,-0.008588254451751709,0.8528388142585754,1.4199999999999875,-0.4399999999999977,1.486606874731838,69.17827444026433
9,4,19,2,42,625474,0.31277597791324085,0.31269076466560364,-0.007300551515072584,-0.36096224188804626,-0.014059223234653473,0.8534530401229858,1.4199999999999875,0.5600000000000023,1.526433752247364,150.52914690001106
9,4,19,2,42,673736,0.32696532997179806,0.3269568383693695,-0.0023564479779452085,-0.345943808555603,-0.01279916986823082,0.8528552055358887,1.4199999999999875,0.5600000000000023,1.526433752247364,160.88158495122863
9,4,19,2,42,721279,0.3400536147828041,0.340053528547287,0.00024217636382672936,-0.33029335737228394,-0.012977192178368568,0.8451515436172485,-0.5800000000000125,-0.4399999999999977,0.7280109889280604,161.81650976754193
9,4,19,2,42,768388,0.34482562566364644,0.34478187561035156,0.005492755677551031,-0.312340646982193,-0.01190894190222025,0.8379456400871277,0.4199999999999875,0.5600000000000023,0.6999999999999943,193.59501950802687
9,4,19,2,42,847674,0.34636301443226647,0.3461422324180603,0.012364978902041912,-0.2989184856414795,-0.008380996063351631,0.8337575197219849,2.4199999999999875,-1.4399999999999977,2.816025568065733,189.40606156032092
9,4,19,2,42,863783,0.335836810856485,0.3353500962257385,0.018074193969368935,-0.2839899957180023,-0.006104836240410805,0.8404572606086731,3.4199999999999875,-1.4399999999999977,3.7107950630558824,172.3682778256275
9,4,19,2,42,911424,0.3270695158826306,0.3267603814601898,0.014216938056051731,-0.2757101356983185,-0.010571789927780628,0.834892749786377,3.4199999999999875,-0.4399999999999977,3.448187929913321,162.11336825114094
9,4,19,2,42,974846,0.32901168331495734,0.3284015953540802,0.020026979967951775,-0.24874480068683624,-0.005405475851148367,0.8352887034416199,0.4199999999999875,-0.4399999999999977,0.6082762530298117,166.83561714986874
9,4,19,2,43,22207,0.32616606755117517,0.32517048716545105,0.02546483650803566,-0.23066571354866028,-0.0003477550926618278,0.8402850031852722,0.4199999999999875,-1.4399999999999977,1.4999999999999944,144.09322245317975
9,4,19,2,43,69404,0.32880872385672555,0.3277679979801178,0.026140321046113968,-0.20834536850452423,0.0009988857200369239,0.8419786691665649,1.4199999999999875,-0.4399999999999977,1.486606874731838,146.9807891328227
9,4,19,2,43,116751,0.31898487039412915,0.31736546754837036,0.03210151940584183,-0.1972280591726303,0.007446500472724438,0.8434540629386902,1.4199999999999875,1.5600000000000023,2.109502310972892,159.1516639960567
9,4,19,2,43,164571,0.31625217574761044,0.3150485157966614,0.027565764263272285,-0.17985233664512634,0.006570330820977688,0.8437337875366211,2.4199999999999875,0.5600000000000023,2.4839484696748326,164.1510778644084
9,4,19,2,43,212318,0.31553241456462244,0.31374770402908325,0.033512428402900696,-0.16222210228443146,0.014391004107892513,0.8381589651107788,5.4199999999999875,-0.4399999999999977,5.437830449728996,174.52346566161617
9,4,19,2,43,276647,0.3128468211570407,0.31119677424430847,0.032088957726955414,-0.14676277339458466,0.017362015321850777,0.8461254239082336,0.4199999999999875,-1.4399999999999977,1.4999999999999944,174.52346566161617
9,4,19,2,43,324562,0.3063083644707343,0.30481642484664917,0.030195385217666626,-0.13867688179016113,0.019302187487483025,0.8513464331626892,-0.5800000000000125,-0.4399999999999977,0.7280109889280604,162.26595161677668
9,4,19,2,43,372475,0.29642929842605287,0.29500269889831543,0.029047144576907158,-0.12961344420909882,0.023085974156856537,0.8498703837394714,2.4199999999999875,-0.4399999999999977,2.459674775249756,146.74647361604966
9,4,19,2,43,420119,0.2942579806247232,0.2934526801109314,0.02175508439540863,-0.1151370257139206,0.02295849844813347,0.8490033149719238,2.4199999999999875,-0.4399999999999977,2.459674775249756,140.705666273253
9,4,19,2,43,467957,0.2917818328435227,0.2911711633205414,0.018867740407586098,-0.10278870910406113,0.025436516851186752,0.8546514511108398,0.4199999999999875,-0.4399999999999977,0.6082762530298117,128.98992919475646
9,4,19,2,43,515273,0.29876794289781916,0.2981905937194824,0.018564846366643906,-0.08405447006225586,0.02964005433022976,0.8514972925186157,0.4199999999999875,-0.4399999999999977,0.6082762530298117,136.65264650185983
9,4,19,2,43,562747,0.29946572462326554,0.2989279329776764,0.017939094454050064,-0.06985622644424438,0.03325266018509865,0.8456270098686218,1.4199999999999875,-1.4399999999999977,2.022374841615658,148.15005428461365
9,4,19,2,43,625835,0.29678482760896685,0.296429306268692,0.01452240627259016,-0.058080267161130905,0.03451064974069595,0.8360918164253235,2.4199999999999875,-2.4399999999999977,3.436568055487906,141.05676649008984
9,4,19,2,43,673155,0.2978828464331199,0.2974015772342682,0.016926076263189316,-0.04423682019114494,0.03959359601140022,0.8302184343338013,2.4199999999999875,-0.4399999999999977,2.459674775249756,141.05676649008984
9,4,19,2,43,726619,0.2914594232126155,0.2910049557685852,0.016269944608211517,-0.03549583628773689,0.04218297079205513,0.8234727382659912,-0.5800000000000125,-1.4399999999999977,1.552417469626005,129.77621175932904
9,4,19,2,43,768385,0.30149102761609087,0.3011625111103058,0.014070594683289528,-0.015908729285001755,0.04346434026956558,0.8267968893051147,0.4199999999999875,-1.4399999999999977,1.4999999999999944,123.3581110632391
9,4,19,2,43,816445,0.30329427673398746,0.30306634306907654,0.011756274849176407,-0.001503391657024622,0.044576968997716904,0.8227535486221313,1.4199999999999875,-0.4399999999999977,1.486606874731838,129.6872123198698
9,4,19,2,43,862895,0.3123812389007659,0.3121155798435211,0.01288034301251173,0.017928682267665863,0.04751560091972351,0.8256112337112427,0.4199999999999875,-1.4399999999999977,1.4999999999999944,122.60808852755638
9,4,19,2,43,925916,0.3091170786977369,0.30891087651252747,0.011288875713944435,0.02969750575721264,0.04854535311460495,0.8256811499595642,2.4199999999999875,-1.4399999999999977,2.816025568065733,118.69929033130411
9,4,19,2,43,973501,0.3119024882964357,0.31172725558280945,0.0104537233710289,0.04664253816008568,0.0502995066344738,0.824639618396759,-0.5800000000000125,-1.4399999999999977,1.552417469626005,118.69929033130411
9,4,19,2,44,21328,0.30576869793744776,0.3055892288684845,0.010474723763763905,0.05803213641047478,0.052478913217782974,0.8273709416389465,2.4199999999999875,-2.4399999999999977,3.436568055487906,125.46015099308694
9,4,19,2,44,68680,0.3084615487287115,0.30835846066474915,0.007974131964147091,0.07478151470422745,0.053025346249341965,0.8262818455696106,1.4199999999999875,0.5600000000000023,1.526433752247364,131.19650408449596
9,4,19,2,44,116103,0.3031866720044308,0.3028959631919861,0.013273792341351509,0.08698171377182007,0.05866241827607155,0.8329593539237976,2.4199999999999875,-1.4399999999999977,2.816025568065733,142.41382588996072
9,4,19,2,44,163715,0.29882129800944895,0.29874396324157715,0.006797982845455408,0.0999794527888298,0.05727209523320198,0.834001362323761,0.4199999999999875,-1.4399999999999977,1.4999999999999944,131.19650408449596
9,4,19,2,44,258428,0.2885939994750051,0.2885802388191223,0.0028182079549878836,0.10917176306247711,0.05702879652380943,0.8368744254112244,1.4199999999999875,-0.4399999999999977,1.486606874731838,150.4919013585528
9,4,19,2,44,276318,0.29131703848472856,0.291293203830719,0.003726434428244829,0.12542445957660675,0.059096742421388626,0.8401609063148499,-0.5800000000000125,-1.4399999999999977,1.552417469626005,138.71348562773093
9,4,19,2,44,321783,0.2903954607228594,0.29036498069763184,0.004207326099276543,0.13889466226100922,0.06076114624738693,0.833832859992981,1.4199999999999875,1.5600000000000023,2.109502310972892,140.75931639929013
9,4,19,2,44,432506,0.29084438385961986,0.2907431721687317,0.007672252599149942,0.15262816846370697,0.06415633857250214,0.833358883857727,2.4199999999999875,-1.4399999999999977,2.816025568065733,140.75931639929013
9,4,19,2,44,448175,0.2988359486505255,0.29876038432121277,0.0067198933102190495,0.1704624891281128,0.06505441665649414,0.830220103263855,0.4199999999999875,0.5600000000000023,0.6999999999999943,175.8819213896461
9,4,19,2,44,463817,0.3057205399685716,0.3056417405605316,0.006940820254385471,0.187345489859581,0.0667298436164856,0.8314900398254395,2.4199999999999875,0.5600000000000023,2.4839484696748326,186.80216509273475
9,4,19,2,44,511358,0.30815770829241296,0.3081037998199463,0.0057638282887637615,0.20254337787628174,0.06801268458366394,0.8377858996391296,1.4199999999999875,0.5600000000000023,1.526433752247364,201.87052349571334
9,4,19,2,44,574860,0.3155241808018567,0.31551218032836914,0.0027518603019416332,0.22133347392082214,0.06807362288236618,0.839265763759613,-1.5800000000000125,-0.4399999999999977,1.640121946685684,194.317722517197
9,4,19,2,44,622243,0.31129779079770364,0.3112937808036804,-0.001580059644766152,0.23377081751823425,0.06680245697498322,0.8363907933235168,1.4199999999999875,0.5600000000000023,1.526433752247364,211.100548768811
9,4,19,2,44,669473,0.31410280458547146,0.31410273909568787,0.0002028325543506071,0.2510485053062439,0.06900763511657715,0.8382802605628967,1.4199999999999875,-0.4399999999999977,1.486606874731838,187.95377814350138
9,4,19,2,44,717204,0.3129755363231387,0.31294623017311096,-0.0042829145677387714,0.2662695050239563,0.06733448803424835,0.83694988489151,0.4199999999999875,-1.4399999999999977,1.4999999999999944,159.65949268417356
9,4,19,2,44,764700,0.31834827786335607,0.318310022354126,-0.004935148172080517,0.28489676117897034,0.06779039651155472,0.8302660584449768,1.4199999999999875,-0.4399999999999977,1.486606874731838,146.03240514601464
9,4,19,2,44,812069,0.31025404675187074,0.3102167248725891,-0.0048121861182153225,0.2957903742790222,0.06843428313732147,0.8313950300216675,1.4199999999999875,-0.4399999999999977,1.486606874731838,160.0301875942083
9,4,19,2,44,875002,0.3166486026067424,0.3166094422340393,-0.004979821387678385,0.31531116366386414,0.06887561082839966,0.8290573954582214,1.4199999999999875,2.5600000000000023,2.927456233660885,164.99088158100017
9,4,19,2,44,922196,0.3081663425596828,0.3081410229206085,-0.00395027594640851,0.3263593912124634,0.07009559869766235,0.8310503959655762,2.4199999999999875,-0.4399999999999977,2.459674775249756,166.82862281113503
9,4,19,2,44,969830,0.31752354682342604,0.317499577999115,-0.0039013789501041174,0.3479199707508087,0.07041025161743164,0.8249205946922302,1.4199999999999875,0.5600000000000023,1.526433752247364,186.230719991714
9,4,19,2,45,17370,0.31160986110739425,0.311585396528244,-0.003904639510437846,0.36028632521629333,0.07047133147716522,0.8184002041816711,1.4199999999999875,-0.4399999999999977,1.486606874731838,186.230719991714
9,4,19,2,45,64464,0.3198951872233759,0.3198854625225067,-0.0024943286553025246,0.381291925907135,0.07132251560688019,0.8222503662109375,3.4199999999999875,-0.4399999999999977,3.448187929913321,188.3624265486184
9,4,19,2,45,112234,0.31168242810213853,0.3116125166416168,-0.006601171102374792,0.39273086190223694,0.06926445662975311,0.8306131362915039,1.4199999999999875,-0.4399999999999977,1.486606874731838,173.70186184791442
9,4,19,2,45,175245,0.3169414051907941,0.3168286383152008,-0.008453890681266785,0.41188856959342957,0.06841421872377396,0.8251648545265198,2.4199999999999875,-0.4399999999999977,2.459674775249756,173.70186184791442
9,4,19,2,45,222711,0.31274919746781765,0.31266337633132935,-0.007326228078454733,0.426311731338501,0.06898631155490875,0.8268434405326843,1.4199999999999875,0.5600000000000023,1.526433752247364,173.70186184791442
9,4,19,2,45,270489,0.3144716700920052,0.31442731618881226,-0.005281488876789808,0.4441588521003723,0.06988973170518875,0.827722430229187,2.4199999999999875,-0.4399999999999977,2.459674775249756,175.11037689083398
9,4,19,2,45,317875,0.31136277900017745,0.3113238215446472,-0.004925270099192858,0.45924293994903564,0.06948065757751465,0.8231928944587708,2.4199999999999875,-1.4399999999999977,2.816025568065733,170.38622740632348
9,4,19,2,45,365277,0.3129002852129189,0.31290021538734436,-0.0002090379857691005,0.4771658480167389,0.07143905758857727,0.8254824876785278,3.4199999999999875,1.5600000000000023,3.75898922584249,178.92894081248073
9,4,19,2,45,412917,0.3217098612718327,0.3217085599899292,0.0009150239056907594,0.4990065395832062,0.07132034748792648,0.8261957764625549,2.4199999999999875,-0.4399999999999977,2.459674775249756,178.92894081248073
9,4,19,2,45,476019,0.3151897855501551,0.31518128514289856,0.0023148241452872753,0.5119399428367615,0.0720658078789711,0.8281771540641785,2.4199999999999875,-1.4399999999999977,2.816025568065733,168.13709169064467
9,4,19,2,45,523523,0.3149885095511047,0.31498777866363525,0.0006785586010664701,0.5285755395889282,0.07158157974481583,0.8200536370277405,0.4199999999999875,-0.4399999999999977,0.6082762530298117,160.66323961816136
9,4,19,2,45,571271,0.308271655873021,0.30826178193092346,0.002467309357598424,0.5410875082015991,0.07378342002630234,0.8187704682350159,0.4199999999999875,0.5600000000000023,0.6999999999999943,177.18822358083435
9,4,19,2,45,619655,0.3054996402074382,0.3054869771003723,0.0027815443463623524,0.5558091998100281,0.07498469203710556,0.8166975378990173,1.4199999999999875,-0.4399999999999977,1.486606874731838,167.4587780830305
9,4,19,2,45,675006,0.3015328262366352,0.30152931809425354,-0.0014545198064297438,0.5694246292114258,0.07347012311220169,0.8202337622642517,0.4199999999999875,-0.4399999999999977,0.6082762530298117,159.03836541709634
9,4,19,2,45,714809,0.304112129976305,0.30410832166671753,-0.0015219368506222963,0.5867300629615784,0.07474781572818756,0.8185173869132996,1.4199999999999875,0.5600000000000023,1.526433752247364,171.5293024115012
9,4,19,2,45,762351,0.3002818401033901,0.3002796173095703,-0.0011553892400115728,0.5993719100952148,0.07626707851886749,0.8203340172767639,0.4199999999999875,0.5600000000000023,0.6999999999999943,194.08693965840777
9,4,19,2,45,825593,0.31987382446762325,0.3198656439781189,-0.00228765862993896,0.6266404986381531,0.07618194818496704,0.8302340507507324,1.4199999999999875,-1.4399999999999977,2.022374841615658,171.7181478710617
9,4,19,2,45,872606,0.32652414637948457,0.326519638299942,-0.0017158010741695762,0.6466781497001648,0.07689912617206573,0.8244187831878662,3.4199999999999875,-0.4399999999999977,3.448187929913321,174.22198934620138
9,4,19,2,45,919965,0.33567683703220225,0.33567655086517334,-0.0004383140476420522,0.6697127819061279,0.07786828279495239,0.8267659544944763,-1.5800000000000125,-0.4399999999999977,1.640121946685684,181.4937773168973
9,4,19,2,45,967595,0.33427679545853856,0.33427003026008606,0.0021266997791826725,0.6866767406463623,0.07955891638994217,0.829737663269043,-0.5800000000000125,-0.4399999999999977,0.7280109889280604,120.33896988839912
9,4,19,2,46,14857,0.3298185622936258,0.32980334758758545,0.0031679573003202677,0.7022034525871277,0.08031410723924637,0.828793466091156,1.4199999999999875,1.5600000000000023,2.109502310972892,121.96679556898009
9,4,19,2,46,62118,0.32555424005813816,0.3255419135093689,0.002832978731021285,0.7184744477272034,0.08039132505655289,0.8243538737297058,0.4199999999999875,-0.4399999999999977,0.6082762530298117,121.17506902974995
9,4,19,2,46,125378,0.3264338679468398,0.3264077305793762,0.004130806308239698,0.7379645109176636,0.08157312124967575,0.8202382326126099,-0.5800000000000125,-0.4399999999999977,0.7280109889280604,50.761578561689625
9,4,19,2,46,173148,0.32445980377847516,0.3244304955005646,0.004360946826636791,0.7554892897605896,0.08254989236593246,0.8156927824020386,3.4199999999999875,-0.4399999999999977,3.448187929913321,119.99457046926312
9,4,19,2,46,220999,0.3259508821335905,0.3259277045726776,0.0038870240096002817,0.7750643491744995,0.08332069218158722,0.8141737580299377,1.4199999999999875,1.5600000000000023,2.109502310972892,180.60778577660304
9,4,19,2,46,269164,0.3205895669644987,0.3205501139163971,0.005029405001550913,0.7899228930473328,0.08515562117099762,0.8126658201217651,0.4199999999999875,-3.4399999999999977,3.465544690232688,134.51782615056018
9,4,19,2,46,316893,0.32378609999896774,0.3237629532814026,0.0038715158589184284,0.8108841776847839,0.0856577679514885,0.8266960978507996,-0.5800000000000125,-0.4399999999999977,0.7280109889280604,96.91529139070919
9,4,19,2,46,364788,0.3238543325897232,0.32384929060935974,0.001807127264328301,0.8292115330696106,0.08586177229881287,0.8271638751029968,1.4199999999999875,0.5600000000000023,1.526433752247364,162.14922908310695
9,4,19,2,46,412257,0.3245514712173008,0.3245513439178467,-0.0002874550991691649,0.8480850458145142,0.08619093894958496,0.8206077814102173,0.4199999999999875,0.5600000000000023,0.6999999999999943,191.44615644211132
9,4,19,2,46,475848,0.32095502114374586,0.320950448513031,-0.0017132415669038892,0.8647332191467285,0.0867941603064537,0.8243494629859924,1.4199999999999875,-0.4399999999999977,1.486606874731838,158.14034524504308
9,4,19,2,46,523146,0.31812668746599865,0.31809934973716736,-0.004170488566160202,0.8808619379997253,0.08650798350572586,0.8087484836578369,0.4199999999999875,1.5600000000000023,1.6155494421403502,212.30362383319994
9,4,19,2,46,570645,0.3144569452142402,0.31438979506492615,-0.006498242262750864,0.8965166807174683,0.0862416997551918,0.8134744763374329,-0.5800000000000125,-1.4399999999999977,1.552417469626005,200.9676070197629
9,4,19,2,46,617909,0.31026767545427997,0.31020018458366394,-0.0064711603336036205,0.9112330079078674,0.08686169236898422,0.8159515261650085,0.4199999999999875,0.5600000000000023,0.6999999999999943,213.31962519021383
9,4,19,2,46,665739,0.31093504653833315,0.31083768606185913,-0.0077804941684007645,0.9284317493438721,0.08638322353363037,0.8160624504089355,0.4199999999999875,-0.4399999999999977,0.6082762530298117,175.13944292977044
9,4,19,2,46,712766,0.308016431427044,0.3079443573951721,-0.006662940606474876,0.9435597658157349,0.08750611543655396,0.8232735395431519,0.4199999999999875,1.5600000000000023,1.6155494421403502,216.9382728149625
9,4,19,2,46,776056,0.308077703230922,0.30801087617874146,-0.006416493095457554,0.9596242904663086,0.08769519627094269,0.8155218958854675,1.4199999999999875,0.5600000000000023,1.526433752247364,192.87286777066626
9,4,19,2,46,823720,0.3028719274755537,0.30279552936553955,-0.0068023414351046085,0.9723091125488281,0.08720484375953674,0.8225220441818237,0.4199999999999875,-0.4399999999999977,0.6082762530298117,192.2023407664005
9,4,19,2,46,871230,0.30832312879704066,0.30827096104621887,-0.005671536549925804,0.9919047355651855,0.08788308501243591,0.8276824355125427,0.4199999999999875,0.5600000000000023,0.6999999999999943,192.2023407664005
9,4,19,2,46,918679,0.3096407072882886,0.3095962107181549,-0.005249182693660259,1.007975459098816,0.08782320469617844,0.8201294541358948,-0.5800000000000125,0.5600000000000023,0.8062257748298655,230.06258749584808
9,4,19,2,46,967920,0.31371077992414453,0.31368112564086914,-0.004313334822654724,1.0264382362365723,0.0880698561668396,0.8267356753349304,0.4199999999999875,-0.4399999999999977,0.6082762530298117,190.71520292509666
9,4,19,2,47,15789,0.3048180491357766,0.3048141896724701,-0.0015339013189077377,1.036615014076233,0.08950162678956985,0.8291894197463989,0.4199999999999875,3.5600000000000023,3.584689665786985,217.0545535379463
9,4,19,2,47,63118,0.31066955741572205,0.3106597363948822,0.0024702404625713825,1.0560686588287354,0.0913839042186737,0.8200750350952148,0.4199999999999875,1.5600000000000023,1.6155494421403502,250.8461045620469
9,4,19,2,47,110620,0.3106827967931926,0.3106803894042969,0.001223054714500904,1.0724002122879028,0.08987151086330414,0.8197067975997925,1.4199999999999875,-0.4399999999999977,1.486606874731838,231.4212073542427
9,4,19,2,47,173784,0.3105439300167863,0.31050804257392883,0.004721013363450766,1.0882267951965332,0.0912429466843605,0.8112472891807556,2.4199999999999875,-1.4399999999999977,2.816025568065733,188.44736403913643
9,4,19,2,47,221154,0.3172223348322309,0.3171781301498413,0.0052956086583435535,1.108473300933838,0.09008153527975082,0.8100553750991821,3.4199999999999875,2.5600000000000023,4.272001872658757,210.3300642490678
9,4,19,2,47,268608,0.3181045210094619,0.31805887818336487,0.0053885336965322495,1.1250135898590088,0.08825811743736267,0.8030242323875427,-2.5800000000000125,-1.4399999999999977,2.954657340538841,187.68588368645433
9,4,19,2,47,315894,0.3198566986222521,0.31970521807670593,0.009842824190855026,1.142143726348877,0.08981918543577194,0.7980343699455261,1.4199999999999875,1.5600000000000023,2.109502310972892,181.0451849578786
9,4,19,2,47,363105,0.31601570748490393,0.3157978951931,0.011731017380952835,1.1560828685760498,0.08995451033115387,0.7986918091773987,1.4199999999999875,0.5600000000000023,1.526433752247364,196.47598491341165
9,4,19,2,47,425937,0.31244385519694384,0.3121434450149536,0.013697897084057331,1.1700724363327026,0.0901234969496727,0.801012396812439,1.4199999999999875,-2.4399999999999977,2.8231188426986127,189.8732441085793
9,4,19,2,47,473198,0.31159396012005747,0.31125175952911377,0.014599252492189407,1.1863263845443726,0.09002066403627396,0.8051146864891052,-3.5800000000000125,-3.4399999999999977,4.964876634922572,118.63060364175824
9,4,19,2,47,520820,0.31127717419288803,0.31061241030693054,0.02033247984945774,1.2028436660766602,0.09313368052244186,0.8046504259109497,0.4199999999999875,-5.439999999999998,5.456189146281493,135.28558893725668
9,4,19,2,47,568611,0.31511019761818243,0.31421101093292236,0.023788174614310265,1.2235347032546997,0.09453311562538147,0.8121540546417236,2.4199999999999875,-3.4399999999999977,4.205948168962609,114.42094095731468
9,4,19,2,47,615899,0.3044151270366393,0.3029026389122009,0.030307769775390625,1.2348763942718506,0.09814567863941193,0.8188531398773193,0.4199999999999875,-5.439999999999998,5.456189146281493,96.67413802606224
9,4,19,2,47,663357,0.2989363852404515,0.2970059812068939,0.033917687833309174,1.2494193315505981,0.10003798454999924,0.8163121342658997,-1.5800000000000125,-6.439999999999998,6.630987860040162,87.05830370375577
9,4,19,2,47,711219,0.2901445580618378,0.28769829869270325,0.037597253918647766,1.260716199874878,0.10161156207323074,0.8167432546615601,-1.5800000000000125,-5.439999999999998,5.664803615307419,92.56069230393253
9,4,19,2,47,774764,0.28663675040519715,0.2834746241569519,0.042458970099687576,1.2750743627548218,0.1050681620836258,0.8185907602310181,-0.5800000000000125,-0.4399999999999977,0.7280109889280604,81.35456729722938
9,4,19,2,47,838474,0.275139629693017,0.270761638879776,0.04888712242245674,1.2827444076538086,0.11106377840042114,0.8121461272239685,-1.5800000000000125,-5.439999999999998,5.664803615307419,71.3579166300871
9,4,19,2,47,869924,0.2807668910624864,0.2765834629535675,0.048287007957696915,1.3020038604736328,0.11430933326482773,0.8195791244506836,-1.5800000000000125,-2.4399999999999977,2.9068883707497313,63.768588599423104
9,4,19,2,47,917624,0.28328580203398135,0.2781108319759369,0.05390000715851784,1.3170359134674072,0.122545525431633,0.8204407691955566,-2.5800000000000125,-4.439999999999998,5.135172830587111,60.4199469951204
9,4,19,2,47,965213,0.2821100302348338,0.2778245806694031,0.048985421657562256,1.3301210403442383,0.12485894560813904,0.8155434131622314,-0.5800000000000125,-6.439999999999998,6.466065264130883,62.59302887408481
9,4,19,2,48,12481,0.2883504676771747,0.2836810052394867,0.0516824871301651,1.344728946685791,0.13290037214756012,0.8057100772857666,-1.5800000000000125,-5.439999999999998,5.664803615307419,69.87179283373727
9,4,19,2,48,75702,0.29509920344126384,0.2917373478412628,0.0444168858230114,1.35906183719635,0.13560697436332703,0.8141987919807434,-1.5800000000000125,-8.439999999999998,8.586617494683225,71.00235540139194
9,4,19,2,48,122777,0.3053674359798347,0.3016493320465088,0.047507382929325104,1.3733733892440796,0.14366881549358368,0.8087471723556519,-2.5800000000000125,-6.439999999999998,6.937578828380982,73.21978033213777
9,4,19,2,48,170159,0.3034473656616671,0.30033886432647705,0.043322861194610596,1.3863009214401245,0.1473284363746643,0.8169857263565063,3.4199999999999875,-7.439999999999998,8.1884064383737,83.94236016426267
9,4,19,2,48,218119,0.2867298692837288,0.28385019302368164,0.04053499549627304,1.4017235040664673,0.15228447318077087,0.8170068860054016,-2.5800000000000125,-14.439999999999998,14.668674105044396,82.90499946455839
9,4,19,2,48,265122,0.2618730173483617,0.25873249769210815,0.040434785187244415,1.419345498085022,0.15815728902816772,0.8321239352226257,0.4199999999999875,-10.439999999999998,10.448444860360796,86.7361879065141
9,4,19,2,48,328226,0.22446879305955744,0.22026754915714264,0.043225523084402084,1.4337875843048096,0.16543526947498322,0.8279391527175903,1.4199999999999875,-17.439999999999998,17.497714136423646,89.89583005061445
9,4,19,2,48,375591,0.17237074412247366,0.1695810854434967,0.030885739251971245,1.4414470195770264,0.16386987268924713,0.8229051828384399,4.4199999999999875,-29.439999999999998,29.769951293208386,95.98747052955162
9,4,19,2,48,422718,0.1215185153368699,0.12151849269866943,-7.417493179673329e-05,1.449321985244751,0.16886070370674133,0.8317326307296753,1.4199999999999875,-21.439999999999998,21.486972797488246,91.84527450205391
9,4,19,2,48,469786,0.09281524255899533,0.08206132799386978,-0.043365973979234695,1.4591221809387207,0.1805146187543869,0.8248426914215088,4.4199999999999875,-13.439999999999998,14.148144754701933,97.48780874360803
9,4,19,2,48,517294,0.1141670999712455,0.043092601001262665,-0.10572206228971481,1.4608651399612427,0.18748444318771362,0.8239336609840393,0.4199999999999875,-19.439999999999998,19.44453650771856,97.27451137524169
9,4,19,2,48,564794,0.1775251432779346,0.013109466060996056,-0.1770404428243637,1.4606915712356567,0.18861077725887299,0.8244463801383972,1.4199999999999875,-10.439999999999998,10.536128321162376,97.89565081495788
9,4,19,2,48,612514,0.24698687953760026,-0.0017850784352049232,-0.2469804286956787,1.4631520509719849,0.18656855821609497,0.8120623230934143,-0.5800000000000125,-26.439999999999998,26.44636080824732,95.93017309783005
9,4,19,2,48,659799,0.3189360700879072,-0.0063893175683915615,-0.3188720643520355,1.4616745710372925,0.1801014244556427,0.8079063296318054,0.4199999999999875,-26.439999999999998,26.4433356443547,95.35109441713124
9,4,19,2,48,723872,0.3810382005306639,0.0055848234333097935,-0.38099727034568787,1.4648354053497314,0.17048586905002594,0.8121877312660217,-7.5800000000000125,-20.439999999999998,21.800229356591643,87.7063553271952
9,4,19,2,48,770816,0.42651746481052377,0.020603803917765617,-0.4260195195674896,1.4678884744644165,0.16513434052467346,0.8056950569152832,-4.5800000000000125,-22.439999999999998,22.90261993746567,85.12089625502456
9,4,19,2,48,823399,0.4620652184060112,0.035561658442020416,-0.46069473028182983,1.4690840244293213,0.15437135100364685,0.8063977956771851,2.4199999999999875,-17.439999999999998,17.607100840285998,85.15148362622101
9,4,19,2,48,866378,0.48903612650542,0.05053136497735977,-0.4864184558391571,1.4756319522857666,0.1424432098865509,0.8055371642112732,-1.5800000000000125,-21.439999999999998,21.498139454380695,84.55160934445489
9,4,19,2,48,913713,0.51212423859531,0.059717461466789246,-0.5086305737495422,1.481910228729248,0.12550067901611328,0.7977467179298401,-4.5800000000000125,-23.439999999999998,23.883257734237176,82.12971178941291
9,4,19,2,48,966871,0.5140293907912126,0.057637255638837814,-0.5107877850532532,1.4840627908706665,0.11291878670454025,0.7943848371505737,8.419999999999987,-33.44,34.483764295679784,89.02605001586475
9,4,19,2,49,24944,0.5083571863671192,0.05445043370127678,-0.505432665348053,1.4907402992248535,0.09945717453956604,0.7927605509757996,-15.580000000000013,-27.439999999999998,31.554555930958692,85.51245998293342
9,4,19,2,49,72449,0.4974073068159288,0.04492494836449623,-0.4953743815422058,1.496129035949707,0.08616941422224045,0.7959478497505188,1.4199999999999875,-25.439999999999998,25.479599682883556,84.55508117373243
9,4,19,2,49,119688,0.4940905491449167,0.037085603922605515,-0.4926967918872833,1.5029401779174805,0.06750472635030746,0.8211345672607422,6.4199999999999875,-13.439999999999998,14.894629904767685,90.55111954639489
9,4,19,2,49,166922,0.48100378485973816,0.032792240381240845,-0.47988468408584595,1.5076210498809814,0.055256154388189316,0.8197693228721619,-8.580000000000013,-18.439999999999998,20.338387350033436,87.72406941110975
9,4,19,2,49,214283,0.47366322707811276,0.027712589129805565,-0.47285184264183044,1.5109636783599854,0.04107382521033287,0.8311439156532288,-5.5800000000000125,-13.439999999999998,14.552319402761887,79.9869141976712
9,4,19,2,49,262098,0.47730088760107847,0.022853074595332146,-0.47675347328186035,1.5126358270645142,0.021412227302789688,0.8311574459075928,-3.5800000000000125,-10.439999999999998,11.036756769993621,82.17285563173337
9,4,19,2,49,325505,0.4880532626515658,0.02231064811348915,-0.4875430464744568,1.5157811641693115,-0.000919511541724205,0.8331129550933838,3.4199999999999875,-16.439999999999998,16.79196236298783,83.93364814129552
9,4,19,2,49,372992,0.485644146295169,0.01980753056704998,-0.48524004220962524,1.5198004245758057,-0.014625610783696175,0.8223621845245361,-7.5800000000000125,-9.439999999999998,12.106609764917682,71.10613242082854
9,4,19,2,49,420644,0.47491184054617475,0.016690393909811974,-0.47461846470832825,1.5252436399459839,-0.022525768727064133,0.8103929758071899,-10.580000000000013,-25.439999999999998,27.55231387742235,71.59854384178229
9,4,19,2,49,468209,0.4654398392612786,0.00396758783608675,-0.46542292833328247,1.5270488262176514,-0.03419302776455879,0.8023718595504761,9.419999999999987,-33.44,34.741473774150684,79.39333040671396
9,4,19,2,49,515902,0.4490891632185203,-0.015657790005207062,-0.44881612062454224,1.5312020778656006,-0.044883016496896744,0.8135426044464111,-1.5800000000000125,-24.439999999999998,24.49101876198701,82.63840917827787
9,4,19,2,49,563648,0.4373814645049627,-0.038032546639442444,-0.43572476506233215,1.53175950050354,-0.060302842408418655,0.812417209148407,-12.580000000000013,-39.44,41.39770525041213,76.5106850956028
9,4,19,2,49,610606,0.42029953793233354,-0.05648668110370636,-0.4164864420890808,1.5300979614257812,-0.06670748442411423,0.8177195191383362,0.4199999999999875,-34.44,34.44256088039912,84.46059657004348
9,4,19,2,49,674419,0.4090213921571012,-0.07375112920999527,-0.4023173749446869,1.5273234844207764,-0.07293819636106491,0.816704511642456,-2.5800000000000125,-34.44,34.536502428589955,88.13651326994254
9,4,19,2,49,721922,0.39355214865423294,-0.08251059055328369,-0.3848055303096771,1.5294184684753418,-0.07176037132740021,0.8090918660163879,-5.5800000000000125,-21.439999999999998,22.154232101339012,82.09210522936141
9,4,19,2,49,769347,0.3850551725017201,-0.0857185423374176,-0.375392884016037,1.5298476219177246,-0.06993620842695236,0.8130823969841003,4.4199999999999875,-26.439999999999998,26.806902096288553,84.7178842747311
9,4,19,2,49,817027,0.3962306787353063,-0.0915026068687439,-0.38552045822143555,1.5217787027359009,-0.08084038645029068,0.8310401439666748,-5.5800000000000125,-33.44,33.902359799872336,86.36021862829739
9,4,19,2,49,875507,0.40994043445371153,-0.09061771631240845,-0.3997994363307953,1.5199072360992432,-0.09564676135778427,0.828389048576355,-9.580000000000013,-30.439999999999998,31.91191000237999,82.70155446969001
9,4,19,2,49,910945,0.410900076910824,-0.09872039407491684,-0.39886483550071716,1.5108205080032349,-0.09906256943941116,0.815570592880249,3.4199999999999875,-16.439999999999998,16.79196236298783,85.91421957707816
9,4,19,2,49,973989,0.41600827004398055,-0.09156711399555206,-0.4058057963848114,1.507775902748108,-0.10401094704866409,0.820816695690155,-7.5800000000000125,-19.439999999999998,20.86552180032889,84.57344726535011
9,4,19,2,50,21370,0.4209454067848605,-0.08727416396141052,-0.4117988049983978,1.5011566877365112,-0.10732370615005493,0.8240107297897339,-2.5800000000000125,-15.439999999999998,15.654072952429985,80.73369286577179
9,4,19,2,50,68577,0.4284625843961213,-0.0788869857788086,-0.4211377799510956,1.4959015846252441,-0.11601199954748154,0.8227999806404114,-1.5800000000000125,-16.439999999999998,16.51575005865613,81.54624726556729
9,4,19,2,50,116384,0.43512478372760655,-0.07149083912372589,-0.42921164631843567,1.4901199340820312,-0.12544558942317963,0.8078840970993042,0.4199999999999875,-22.439999999999998,22.443930137121704,85.30980401141375
9,4,19,2,50,164117,0.441873042379663,-0.06514134258031845,-0.43704506754875183,1.4865175485610962,-0.13659460842609406,0.8015360832214355,-0.5800000000000125,-30.439999999999998,30.445525122749974,82.76061596423658
9,4,19,2,50,211612,0.43991370753653153,-0.0588892363011837,-0.4359542727470398,1.485318899154663,-0.14626149833202362,0.8025749921798706,0.4199999999999875,-39.44,39.44223624491897,87.12495140082397
9,4,19,2,50,259431,0.4340171964735914,-0.04805002361536026,-0.4313491880893707,1.489559531211853,-0.15587911009788513,0.8018409609794617,-13.580000000000013,-42.44,44.55973518772301,85.4914463212576
9,4,19,2,50,323310,0.43897797409471817,-0.04765785485506058,-0.43638330698013306,1.4842509031295776,-0.1720118373632431,0.788973331451416,13.419999999999987,-28.439999999999998,31.44725743208777,91.56047148304083
9,4,19,2,50,370278,0.42811822104428354,-0.04261177033185959,-0.42599231004714966,1.4839098453521729,-0.18246881663799286,0.7986082434654236,-7.5800000000000125,-31.439999999999998,32.34084105276175,88.56700296345508
9,4,19,2,50,418098,0.3818784047494092,-0.03947062790393829,-0.3798331022262573,1.480705976486206,-0.18707647919654846,0.8011093139648438,1.4199999999999875,-21.439999999999998,21.486972797488246,89.57674196782638
9,4,19,2,50,465364,0.32384018887874716,-0.03392501175403595,-0.3220583200454712,1.4810727834701538,-0.19217656552791595,0.813544511795044,0.4199999999999875,-30.439999999999998,30.442897365395424,89.61410369816639
9,4,19,2,50,512999,0.2578884420144965,-0.029806306585669518,-0.256160169839859,1.478724718093872,-0.1969359964132309,0.8221440315246582,-12.580000000000013,-13.439999999999998,18.40896520720272,84.89767931044439
9,4,19,2,50,560711,0.20013448745061901,-0.02576383575797081,-0.19846923649311066,1.4754459857940674,-0.20430591702461243,0.8165867924690247,-1.5800000000000125,-17.439999999999998,17.511424842085237,78.82020771719851
9,4,19,2,50,623714,0.14663030135581223,-0.02660384215414524,-0.14419667422771454,1.468770980834961,-0.2076461911201477,0.8238070011138916,-3.5800000000000125,-12.439999999999998,12.944883158993752,78.29876126220078
9,4,19,2,50,671243,0.08608963178390208,-0.01786053366959095,-0.08421654254198074,1.4688035249710083,-0.20301321148872375,0.8189571499824524,-3.5800000000000125,-13.439999999999998,13.908630414242808,74.46232812349861
9,4,19,2,50,718686,0.03528328502183613,-0.005499526858329773,-0.0348520502448082,1.4717791080474854,-0.19757017493247986,0.8117964267730713,-3.5800000000000125,-16.439999999999998,16.825278600962303,71.82327438619035
9,4,19,2,50,765993,0.005067705672425818,-0.002281751250848174,0.004524958785623312,1.468635082244873,-0.192500039935112,0.796820342540741,-5.5800000000000125,-6.439999999999998,8.52115015710908,72.23474017544414
9,4,19,2,50,813746,0.037182364021605054,0.005988687742501497,0.036696918308734894,1.4716109037399292,-0.1823795735836029,0.7969943284988403,1.4199999999999875,-14.439999999999998,14.509651959988561,74.35549735431542
9,4,19,2,50,860806,0.06027976722007069,0.005677945911884308,0.06001175940036774,1.4680500030517578,-0.17696724832057953,0.7924467325210571,4.4199999999999875,-16.439999999999998,17.023806859806648,80.64743407592813
9,4,19,2,50,923800,0.07309335538490064,0.0062096756882965565,0.07282910495996475,1.4682050943374634,-0.16957353055477142,0.8004747033119202,0.4199999999999875,-24.439999999999998,24.443608571567328,84.0046898556062
9,4,19,2,50,971537,0.07870918674355722,0.0012782561825588346,0.07869880646467209,1.4667739868164062,-0.16362830996513367,0.8083904981613159,1.4199999999999875,-13.439999999999998,13.514806694880987,87.87155040427365
9,4,19,2,51,19796,0.07895157517859493,-0.0025443388149142265,0.07891056686639786,1.467599630355835,-0.15770356357097626,0.8203266859054565,-8.580000000000013,-15.439999999999998,17.663804799646087,89.92900010110483
9,4,19,2,51,66872,0.08434308700552663,-0.01065769698470831,0.08366701751947403,1.464254379272461,-0.14924955368041992,0.816687285900116,-9.580000000000013,-23.439999999999998,25.32212471338059,84.21557608125325
9,4,19,2,51,114273,0.08067235450738754,-0.011152795515954494,0.07989770919084549,1.4622180461883545,-0.14357075095176697,0.8216612339019775,-16.580000000000013,-10.439999999999998,19.59311103423855,69.84636181244569
9,4,19,2,51,177023,0.07283875316436571,-0.010761030949652195,0.07203946262598038,1.459917426109314,-0.13730502128601074,0.8055076599121094,-10.580000000000013,-25.439999999999998,27.55231387742235,64.92027099874436
9,4,19,2,51,224407,0.06448123948631959,-0.004377505276352167,0.06433247774839401,1.462325930595398,-0.12702277302742004,0.7958081960678101,-4.5800000000000125,-9.439999999999998,10.492378186092992,58.658664103202106
9,4,19,2,51,272098,0.049695072747095496,0.005422533024102449,0.04939834401011467,1.4658094644546509,-0.11972390860319138,0.8004665374755859,-5.5800000000000125,-19.439999999999998,20.224984548819812,61.31962338629568
9,4,19,2,51,319522,0.03345528032177194,0.006216853391379118,0.032872579991817474,1.464156150817871,-0.11521978676319122,0.7956814765930176,-10.580000000000013,-13.439999999999998,17.104677722775143,58.02573299495078
9,4,19,2,51,366565,0.01827778246136634,0.013068096712231636,0.012778974138200283,1.4682261943817139,-0.11432134360074997,0.805444598197937,-5.5800000000000125,-11.439999999999998,12.728314892396405,64.27220726401553
9,4,19,2,51,414059,0.018865349667104393,0.01813552714884281,-0.005196544341742992,1.472461462020874,-0.11297521740198135,0.810965359210968,-10.580000000000013,-14.439999999999998,17.901117283566414,61.5266341421419
9,4,19,2,51,461589,0.028457034542829412,0.01945820264518261,-0.020764902234077454,1.473262071609497,-0.11422314494848251,0.813100278377533,-6.5800000000000125,-14.439999999999998,15.868522300453817,61.80568656320706
9,4,19,2,51,524417,0.04117051477955215,0.020006155595183372,-0.03598284348845482,1.4728119373321533,-0.11939696967601776,0.8181389570236206,0.4199999999999875,-7.439999999999998,7.451845409024529,65.48646704926738
9,4,19,2,51,572108,0.05442900264182074,0.021689319983124733,-0.049920834600925446,1.4758387804031372,-0.12339892238378525,0.8193877935409546,-5.5800000000000125,-10.439999999999998,11.83765179416932,67.53387618437571
9,4,19,2,51,619990,0.0623275693647759,0.01844692975282669,-0.05953517183661461,1.4783087968826294,-0.1248762384057045,0.8213374614715576,-7.5800000000000125,-11.439999999999998,13.723337786413339,65.99551607195595
9,4,19,2,51,667587,0.07291493147204144,0.017160406336188316,-0.07086683064699173,1.480730414390564,-0.13274545967578888,0.8233985900878906,-10.580000000000013,-9.439999999999998,14.179210133149175,63.61335328988138
9,4,19,2,51,715121,0.08178544604668886,0.015803875401616096,-0.08024398237466812,1.4812979698181152,-0.14094291627407074,0.8217900991439819,-5.5800000000000125,-5.439999999999998,7.792945527847613,59.213437410966414
9,4,19,2,51,762281,0.09177593486993905,0.015835149213671684,-0.09039950370788574,1.4830776453018188,-0.1529729813337326,0.8136588931083679,-7.5800000000000125,-10.439999999999998,12.901550294441368,51.67801110219232
9,4,19,2,51,809822,0.09043124145550466,0.01249010395258665,-0.08956453949213028,1.4830846786499023,-0.15963071584701538,0.8008830547332764,-3.5800000000000125,-2.4399999999999977,4.332435804486903,46.157964632934565
9,4,19,2,51,873298,0.08303952728318191,0.017165407538414,-0.08124599605798721,1.4911127090454102,-0.16211171448230743,0.7894909381866455,-5.5800000000000125,-12.439999999999998,13.634148304899727,47.99948999369948
9,4,19,2,51,920719,0.07645944850989282,0.009787110611796379,-0.07583046704530716,1.4881008863449097,-0.1710384488105774,0.7759754061698914,-12.580000000000013,-9.439999999999998,15.728000508647,47.01953050626549
9,4,19,2,51,967880,0.07841435408693463,0.007518103811889887,-0.07805311679840088,1.4866796731948853,-0.18575617671012878,0.7524316906929016,-13.580000000000013,-9.439999999999998,16.538742394753005,45.097408765358566
9,4,19,2,52,14915,0.0705733872808731,0.01551267970353365,-0.06884736567735672,1.4929486513137817,-0.18937118351459503,0.7298541069030762,-4.5800000000000125,-1.4399999999999977,4.801041553663133,37.71353451387312
9,4,19,2,52,75394,0.07331513557300719,0.0120083037763834,-0.07232502847909927,1.4891835451126099,-0.20260919630527496,0.7076749801635742,-9.580000000000013,-3.4399999999999977,10.178899744078445,34.732101706789486
9,4,19,2,52,111007,0.07200988562404224,0.01791669987142086,-0.06974536180496216,1.4940444231033325,-0.21066342294216156,0.6930484771728516,-1.5800000000000125,-7.439999999999998,7.605918747922567,36.812792303638794
9,4,19,2,52,175099,0.06980407420660309,0.016679031774401665,-0.06778214126825333,1.4933130741119385,-0.22005033493041992,0.6782533526420593,-7.5800000000000125,-5.439999999999998,9.330058949438644,36.550872871177404
9,4,19,2,52,222902,0.08000616129982299,0.016676530241966248,-0.07824882864952087,1.493645429611206,-0.23742426931858063,0.6738720536231995,-7.5800000000000125,-2.4399999999999977,7.963039620647393,32.93925763842307
9,4,19,2,52,270341,0.08504746704983822,0.02220715396106243,-0.08209697902202606,1.4990277290344238,-0.24939434230327606,0.6665287613868713,-5.5800000000000125,-0.4399999999999977,5.597320787662624,30.29270665907636
9,4,19,2,52,317738,0.0913387134027594,0.025284798815846443,-0.08776924014091492,1.5032132863998413,-0.26271185278892517,0.6437491774559021,-1.5800000000000125,-4.439999999999998,4.712748667179273,41.15841926609858
9,4,19,2,52,365058,0.08658240652363582,0.022104132920503616,-0.08371332287788391,1.503010869026184,-0.27126002311706543,0.6351197361946106,-2.5800000000000125,-2.4399999999999977,3.551056180912948,34.191780898301225
9,4,19,2,52,412560,0.08608738818679863,0.019766684621572495,-0.08378732949495316,1.5039951801300049,-0.283151775598526,0.616127610206604,-3.5800000000000125,-4.439999999999998,5.703507692639686,37.509691293839985
9,4,19,2,52,459965,0.0840625561531996,0.022720152512192726,-0.08093397319316864,1.5086894035339355,-0.294990211725235,0.6113607883453369,-3.5800000000000125,2.5600000000000023,4.401136216933089,28.555684939749206
9,4,19,2,52,522885,0.08191428553340267,0.01850481703877449,-0.07979675382375717,1.5088518857955933,-0.3073500096797943,0.5944958925247192,-10.580000000000013,-0.4399999999999977,10.589145385724018,28.070400867389576
9,4,19,2,52,570141,0.08147690098507424,0.014729233458638191,-0.08013448119163513,1.5102221965789795,-0.3199611008167267,0.5815315842628479,-6.5800000000000125,1.5600000000000023,6.762396025078697,9.527143281420948
9,4,19,2,52,617548,0.08411742948009059,0.010191140696406364,-0.0834977999329567,1.5104345083236694,-0.3353382647037506,0.5649120211601257,-8.580000000000013,2.5600000000000023,8.953770155638363,356.35803212913993
9,4,19,2,52,664882,0.07957521462097035,0.0012029774952679873,-0.0795661211013794,1.5083590745925903,-0.3451896607875824,0.5469485521316528,-7.5800000000000125,1.5600000000000023,7.738862965578353,345.08279640504537
9,4,19,2,52,712584,0.08545394284767958,0.0017654838738963008,-0.08543570339679718,1.5136196613311768,-0.3597494065761566,0.5359586477279663,-9.580000000000013,-6.439999999999998,11.543396380615205,358.56501964689767
9,4,19,2,52,760439,0.08877735300252985,-0.0022479835897684097,-0.08874888718128204,1.5145976543426514,-0.3720357120037079,0.5234230756759644,-8.580000000000013,-1.4399999999999977,8.700000000000012,0.06341155881324728
9,4,19,2,52,823616,0.09350935192000967,-0.008250665850937366,-0.09314464777708054,1.5119297504425049,-0.38585495948791504,0.5059200525283813,-6.5800000000000125,-6.439999999999998,9.20706250657614,11.822856246449104
9,4,19,2,52,870616,0.09017370771340029,-0.009174816310405731,-0.08970574289560318,1.5115249156951904,-0.39515426754951477,0.49379512667655945,-8.580000000000013,-0.4399999999999977,8.591274643497332,15.76006557448661
9,4,19,2,52,918059,0.08962498675477035,-0.01612653024494648,-0.08816219866275787,1.5059210062026978,-0.40704965591430664,0.4807572662830353,-7.5800000000000125,-5.439999999999998,9.330058949438644,25.35114002217749
9,4,19,2,52,981471,0.09181452088462468,-0.006591038778424263,-0.09157764166593552,1.5091019868850708,-0.4222330152988434,0.4629766047000885,-3.5800000000000125,-2.4399999999999977,4.332435804486903,25.426573800789978
9,4,19,2,53,13587,0.08824361339881694,-0.0058361440896987915,-0.08805041015148163,1.506425380706787,-0.4338020086288452,0.44623470306396484,-5.5800000000000125,-1.4399999999999977,5.762811813689575,26.422898221257494
9,4,19,2,53,60544,0.083619549480936,-0.0018600343028083444,-0.08359885960817337,1.5054665803909302,-0.44500014185905457,0.42371827363967896,-7.5800000000000125,-4.439999999999998,8.784645695758034,23.605358366378926
9,4,19,2,53,123866,0.07426711870906007,0.0008956760284490883,-0.07426171749830246,1.5043916702270508,-0.4543232321739197,0.40442371368408203,-8.580000000000013,-2.4399999999999977,8.920201791439485,26.141686824098997
9,4,19,2,53,171473,0.06447223869988192,0.008532206527888775,-0.06390517204999924,1.50652277469635,-0.46229007840156555,0.3857192099094391,-6.5800000000000125,-1.4399999999999977,6.735725647619576,21.449521895130204
9,4,19,2,53,218916,0.0527616120746218,0.0011485898867249489,-0.05274910852313042,1.501173734664917,-0.46887826919555664,0.37032878398895264,-6.5800000000000125,-4.439999999999998,7.937883848986463,21.396871970260975
9,4,19,2,53,265930,0.042101648368677816,0.007843329571187496,-0.04136461019515991,1.5034176111221313,-0.4731135666370392,0.3528778553009033,-9.580000000000013,-3.4399999999999977,10.178899744078445,22.461283805320836
9,4,19,2,53,312997,0.05374364514832512,-0.039958033710718155,-0.03594071418046951,1.481489896774292,-0.48018118739128113,0.33018970489501953,-7.5800000000000125,-3.4399999999999977,8.324061508662714,21.265847986555872
9,4,19,2,53,376361,0.04901328513167204,-0.038809884339571,-0.029934845864772797,1.4803589582443237,-0.48402610421180725,0.3163423240184784,-6.5800000000000125,-4.439999999999998,7.937883848986463,24.91163901924904
9,4,19,2,53,423662,0.06246158068589256,-0.05567583814263344,-0.028313426300883293,1.4719446897506714,-0.4886988401412964,0.29736828804016113,-6.5800000000000125,-1.4399999999999977,6.735725647619576,24.91163901924904
9,4,19,2,53,475124,0.060250514332747585,-0.047488171607255936,-0.03708096593618393,1.471712589263916,-0.49524638056755066,0.28059422969818115,-6.5800000000000125,-2.4399999999999977,7.01783442380911,22.16535950247388
9,4,19,2,53,518448,0.05642632381235645,-0.03969759866595268,-0.040100257843732834,1.4703975915908813,-0.500096321105957,0.26602330803871155,-2.5800000000000125,-1.4399999999999977,2.954657340538841,24.061055359641944
9,4,19,2,53,565392,0.05322848578245987,-0.02670799195766449,-0.04604296758770943,1.4703296422958374,-0.505389928817749,0.25157615542411804,-7.5800000000000125,-2.4399999999999977,7.963039620647393,22.737785668152778
9,4,19,2,53,612644,0.04958768565055722,-0.012908008880913258,-0.047878198325634,1.470734715461731,-0.5095700621604919,0.23807337880134583,-4.5800000000000125,-4.439999999999998,6.378871373526833,24.711051433515085
9,4,19,2,53,659808,0.055764726788596654,-0.007545812521129847,-0.0552518367767334,1.470057725906372,-0.5144595503807068,0.22293898463249207,-2.5800000000000125,-3.4399999999999977,4.300000000000006,32.87614669964089
9,4,19,2,53,723316,0.04928393878244982,-0.0007936686743050814,-0.049277547746896744,1.4700406789779663,-0.5173851847648621,0.2075226902961731,-5.5800000000000125,-2.4399999999999977,6.090155991434056,33.53599177755843
9,4,19,2,53,771198,0.05303411697646926,-4.6081542677711695e-05,-0.05303409695625305,1.4698163270950317,-0.5207240581512451,0.1925041824579239,-7.5800000000000125,-2.4399999999999977,7.963039620647393,31.234932796002955
9,4,19,2,53,818380,0.052715919427298676,0.004703671671450138,-0.052505653351545334,1.4700590372085571,-0.5234178304672241,0.17832589149475098,-1.5800000000000125,-1.4399999999999977,2.1377558326432027,36.23693796238874
9,4,19,2,53,865739,0.043719113254529915,0.004480591043829918,-0.04348890855908394,1.4703565835952759,-0.5258595943450928,0.16371722519397736,-3.5800000000000125,-0.4399999999999977,3.606937759374299,28.73519560743066
9,4,19,2,53,921356,0.03210896643696712,0.024152221158146858,-0.02115788124501705,1.4702963829040527,-0.527718186378479,0.1512025147676468,-3.5800000000000125,-2.4399999999999977,4.332435804486903,25.020534157247052
9,4,19,2,53,960395,0.035848345405428764,0.02270074561238289,-0.02774490974843502,1.4708912372589111,-0.5263661742210388,0.13887056708335876,-5.5800000000000125,-1.4399999999999977,5.762811813689575,23.154060006545038
9,4,19,2,54,23397,0.024102717807908867,0.013283167034387589,-0.02011214755475521,1.4726157188415527,-0.5271725058555603,0.1269480288028717,-4.5800000000000125,-1.4399999999999977,4.801041553663133,23.07441356823293
9,4,19,2,54,70878,0.02763504248761854,0.008272276259958744,-0.026367878541350365,1.4732011556625366,-0.5260393619537354,0.11004767566919327,-5.5800000000000125,-3.4399999999999977,6.555150646628964,20.966722926440287
9,4,19,2,54,118304,0.007721247500661631,-0.005861013662070036,-0.005026547703891993,1.4760396480560303,-0.5292949080467224,0.09512126445770264,-2.5800000000000125,-3.4399999999999977,4.300000000000006,30.133126335701533
9,4,19,2,54,167034,0.02486869283862772,0.018019407987594604,-0.017139218747615814,1.4682650566101074,-0.5252394676208496,0.08264236152172089,-2.5800000000000125,-0.4399999999999977,2.6172504656604922,25.10741160045158
9,4,19,2,54,215099,0.006015946338405634,0.005270931404083967,-0.00289980904199183,1.472144603729248,-0.5272409915924072,0.07245505601167679,-1.5800000000000125,-3.4399999999999977,3.7854986461495432,35.35106074886634
9,4,19,2,54,260369,0.04108196296412181,-0.024119343608617783,0.033256351947784424,1.4800822734832764,-0.5340303182601929,0.06585701555013657,-5.5800000000000125,-4.439999999999998,7.130918594402837,39.74525344539098
9,4,19,2,54,323596,0.04781144719773907,-0.004665872547775507,0.04758323356509209,1.4708988666534424,-0.5356009006500244,0.05962947756052017,-2.5800000000000125,-0.4399999999999977,2.6172504656604922,35.27251511832486
9,4,19,2,54,370772,0.04768331441986348,-0.02226664312183857,0.04216509312391281,1.4767283201217651,-0.5296670794487,0.05543036758899689,-4.5800000000000125,-5.439999999999998,7.1112586790244166,34.60475498591898
9,4,19,2,54,418698,0.04548771354585744,-0.030985457822680473,0.03330215439200401,1.4777435064315796,-0.5245915651321411,0.04923141747713089,-2.5800000000000125,-1.4399999999999977,2.954657340538841,38.560736238500134
9,4,19,2,54,466114,0.047546001723047515,-0.044313907623291016,0.01723078265786171,1.4799631834030151,-0.5180959701538086,0.04233669862151146,-2.5800000000000125,-6.439999999999998,6.937578828380982,39.09139283383702
9,4,19,2,54,513442,0.056236343346645734,-0.05568476393818855,0.007857059128582478,1.4813419580459595,-0.5147429704666138,0.036934152245521545,-5.5800000000000125,2.5600000000000023,6.139218191268344,27.04570462702952
